"comp","pval","r","pval.bonferroni"
"MEMORY by DIAGNOSIS",1.44557393528273e-103,0.588,8.67344361169635e-103
"LANGUAGE by DIAGNOSIS",1.04085664076019e-34,0.335,6.24513984456114e-34
"EXECUTIVE by DIAGNOSIS",6.00062755643567e-33,0.327,3.6003765338614e-32
"VISUOSPATIAL by DIAGNOSIS",9.14863781843439e-14,0.203,5.48918269106064e-13
"ORIENTATION by DIAGNOSIS",2.20249560009108e-19,0.245,1.32149736005465e-18
"ATTENTION by DIAGNOSIS",4.66118975986339e-15,0.214,2.79671385591804e-14
